<?xml version="1.0" encoding="UTF-8"?>
<project-private xmlns="http://www.netbeans.org/ns/project-private/1">
    <editor-bookmarks xmlns="http://www.netbeans.org/ns/editor-bookmarks/2" lastBookmarkId="0"/>
    <open-files xmlns="http://www.netbeans.org/ns/projectui-open-files/2">
        <group>
            <file>file:/C:/Users/asus/OneDrive%20-%20Ecole%20Marocaine%20des%20Sciences%20de%20l'Ingénieur/Documents/NetBeansProjects/Hotel_managementX/src/Home_Hotel.java</file>
            <file>file:/C:/Users/asus/OneDrive%20-%20Ecole%20Marocaine%20des%20Sciences%20de%20l'Ingénieur/Documents/NetBeansProjects/Hotel_managementX/src/Employees.java</file>
            <file>file:/C:/Users/asus/OneDrive%20-%20Ecole%20Marocaine%20des%20Sciences%20de%20l'Ingénieur/Documents/NetBeansProjects/Hotel_managementX/src/Users.java</file>
            <file>file:/C:/Users/asus/OneDrive%20-%20Ecole%20Marocaine%20des%20Sciences%20de%20l'Ingénieur/Documents/NetBeansProjects/Hotel_managementX/src/Hotel_crud.java</file>
            <file>file:/C:/Users/asus/OneDrive%20-%20Ecole%20Marocaine%20des%20Sciences%20de%20l'Ingénieur/Documents/NetBeansProjects/Hotel_managementX/src/Guests.java</file>
        </group>
    </open-files>
</project-private>
